Volcano Observatory Notices for Aviation (VONA) (date, name, colorCode, id)
2025-03-03 - Atka volcanic complex, Aviation Color Code: GREEN (view)
2025-02-21 - Atka volcanic complex, Aviation Color Code: YELLOW (view)
2025-02-21 - Atka volcanic complex, Aviation Color Code: ORANGE (view)
2025-01-29 - Okmok, Aviation Color Code: UNASSIGNED (view)
2024-12-23 - Kilauea, Aviation Color Code: ORANGE (view)
2024-12-23 - Kilauea, Aviation Color Code: RED (view)
2024-11-19 - Ahyi Seamount, Aviation Color Code: YELLOW (view)
2024-10-16 - Spurr, Aviation Color Code: YELLOW (view)
2024-10-01 - Wrangell, Aviation Color Code: GREEN (view)
2024-09-23 - Kilauea, Aviation Color Code: YELLOW (view)
2024-09-16 - Kilauea, Aviation Color Code: ORANGE (view)
2024-08-30 - Shishaldin, Aviation Color Code: GREEN (view)
2024-07-23 - Kilauea, Aviation Color Code: YELLOW (view)
2024-07-23 - Kilauea, Aviation Color Code: ORANGE (view)
2024-07-08 - Cleveland, Aviation Color Code: GREEN (view)
2024-07-08 - Aniakchak, Aviation Color Code: GREEN (view)
2024-07-05 - Cleveland, Aviation Color Code: YELLOW (view)
2024-06-05 - Kilauea, Aviation Color Code: YELLOW (view)
2024-06-03 - Kilauea, Aviation Color Code: ORANGE (view)
2024-06-03 - Kilauea, Aviation Color Code: RED (view)
2024-06-03 - Kilauea, Aviation Color Code: ORANGE (view)
2024-04-09 - Ahyi Seamount, Aviation Color Code: UNASSIGNED (view)
2024-04-09 - Atka volcanic complex, Aviation Color Code: GREEN (view)
2024-03-28 - Atka volcanic complex, Aviation Color Code: YELLOW (view)
2024-03-05 - Gareloi, Aviation Color Code: GREEN (view)
2024-02-27 - Kanaga, Aviation Color Code: GREEN (view)
2024-02-17 - Shishaldin, Aviation Color Code: YELLOW (view)
2024-02-12 - Gareloi, Aviation Color Code: YELLOW (view)
2024-02-11 - Shishaldin, Aviation Color Code: ORANGE (view)
2024-02-03 - Kilauea, Aviation Color Code: YELLOW (view)
2024-01-31 - Kilauea, Aviation Color Code: ORANGE (view)
2024-01-13 - Ahyi Seamount, Aviation Color Code: YELLOW (view)
2024-01-10 - Trident, Aviation Color Code: GREEN (view)
2024-01-02 - Shishaldin, Aviation Color Code: YELLOW (view)
2024-01-01 - Ahyi Seamount, Aviation Color Code: UNASSIGNED (view)
2023-12-19 - Kanaga, Aviation Color Code: YELLOW (view)
2023-11-24 - Bogoslof, Aviation Color Code: UNASSIGNED (view)
2023-11-03 - Shishaldin, Aviation Color Code: ORANGE (view)
2023-11-03 - Shishaldin, Aviation Color Code: ORANGE (view)
2023-11-03 - Shishaldin, Aviation Color Code: ORANGE (view)
2023-10-31 - Shishaldin, Aviation Color Code: YELLOW (view)
2023-10-30 - Aniakchak, Aviation Color Code: UNASSIGNED (view)
2023-10-24 - Bogoslof, Aviation Color Code: YELLOW (view)
2023-10-15 - Shishaldin, Aviation Color Code: ORANGE (view)
2023-10-13 - Wrangell, Aviation Color Code: UNASSIGNED (view)
2023-10-05 - Ruby, Aviation Color Code: UNASSIGNED (view)
2023-10-03 - Shishaldin, Aviation Color Code: ORANGE (view)
2023-10-03 - Shishaldin, Aviation Color Code: RED (view)
2023-10-03 - Shishaldin, Aviation Color Code: RED (view)
2023-10-03 - Shishaldin, Aviation Color Code: ORANGE (view)
2023-09-25 - Shishaldin, Aviation Color Code: ORANGE (view)
2023-09-25 - Shishaldin, Aviation Color Code: ORANGE (view)
2023-09-25 - Shishaldin, Aviation Color Code: RED (view)
2023-09-25 - Shishaldin, Aviation Color Code: RED (view)
2023-09-25 - Shishaldin, Aviation Color Code: ORANGE (view)
2023-09-25 - Shishaldin, Aviation Color Code: ORANGE (view)
2023-09-24 - Shishaldin, Aviation Color Code: ORANGE (view)
2023-09-24 - Shishaldin, Aviation Color Code: ORANGE (view)
2023-09-24 - Shishaldin, Aviation Color Code: ORANGE (view)
2023-09-23 - Shishaldin, Aviation Color Code: ORANGE (view)
2023-09-19 - Ruby, Aviation Color Code: YELLOW (view)
2023-09-17 - Kilauea, Aviation Color Code: YELLOW (view)
2023-09-16 - Shishaldin, Aviation Color Code: ORANGE (view)
2023-09-16 - Shishaldin, Aviation Color Code: RED (view)
2023-09-16 - Shishaldin, Aviation Color Code: RED (view)
2023-09-15 - Shishaldin, Aviation Color Code: ORANGE (view)
2023-09-14 - Shishaldin, Aviation Color Code: ORANGE (view)
2023-09-14 - Shishaldin, Aviation Color Code: ORANGE (view)
2023-09-11 - Kilauea, Aviation Color Code: ORANGE (view)
2023-09-11 - Kilauea, Aviation Color Code: RED (view)
2023-09-11 - Kilauea, Aviation Color Code: ORANGE (view)
2023-09-05 - Shishaldin, Aviation Color Code: ORANGE (view)
2023-09-05 - Shishaldin, Aviation Color Code: RED (view)
2023-09-05 - Shishaldin, Aviation Color Code: RED (view)
2023-09-05 - Shishaldin, Aviation Color Code: RED (view)
2023-08-26 - Shishaldin, Aviation Color Code: ORANGE (view)
2023-08-26 - Shishaldin, Aviation Color Code: RED (view)
2023-08-26 - Shishaldin, Aviation Color Code: RED (view)
2023-08-25 - Shishaldin, Aviation Color Code: RED (view)
2023-08-25 - Shishaldin, Aviation Color Code: ORANGE (view)
2023-08-25 - Cleveland, Aviation Color Code: GREEN (view)
2023-08-17 - Aniakchak, Aviation Color Code: GREEN (view)
2023-08-16 - Shishaldin, Aviation Color Code: ORANGE (view)
2023-08-15 - Shishaldin, Aviation Color Code: ORANGE (view)
2023-08-15 - Shishaldin, Aviation Color Code: ORANGE (view)
2023-08-15 - Shishaldin, Aviation Color Code: ORANGE (view)
2023-08-05 - Shishaldin, Aviation Color Code: ORANGE (view)
2023-08-04 - Shishaldin, Aviation Color Code: RED (view)
2023-08-04 - Shishaldin, Aviation Color Code: RED (view)
2023-08-04 - Shishaldin, Aviation Color Code: ORANGE (view)
2023-08-04 - Shishaldin, Aviation Color Code: ORANGE (view)
2023-08-03 - Semisopochnoi, Aviation Color Code: GREEN (view)
2023-07-26 - Shishaldin, Aviation Color Code: ORANGE (view)
2023-07-26 - Shishaldin, Aviation Color Code: ORANGE (view)
2023-07-26 - Shishaldin, Aviation Color Code: ORANGE (view)
2023-07-23 - Shishaldin, Aviation Color Code: ORANGE (view)
2023-07-23 - Shishaldin, Aviation Color Code: RED (view)
2023-07-23 - Shishaldin, Aviation Color Code: ORANGE (view)
2023-07-19 - Cleveland, Aviation Color Code: YELLOW (view)
2023-07-19 - Takawangha, Aviation Color Code: GREEN (view)
2023-07-19 - Tanaga, Aviation Color Code: GREEN (view)
2023-07-18 - Shishaldin, Aviation Color Code: ORANGE (view)
2023-07-18 - Shishaldin, Aviation Color Code: RED (view)
2023-07-18 - Shishaldin, Aviation Color Code: RED (view)
2023-07-18 - Ahyi Seamount, Aviation Color Code: UNASSIGNED (view)
2023-07-16 - Shishaldin, Aviation Color Code: ORANGE (view)
2023-07-16 - Shishaldin, Aviation Color Code: RED (view)
2023-07-16 - Shishaldin, Aviation Color Code: ORANGE (view)
2023-07-14 - Shishaldin, Aviation Color Code: ORANGE (view)
2023-07-12 - Shishaldin, Aviation Color Code: ORANGE (view)
2023-07-11 - Shishaldin, Aviation Color Code: YELLOW (view)
2023-06-30 - Kilauea, Aviation Color Code: YELLOW (view)
2023-06-08 - Kilauea, Aviation Color Code: ORANGE (view)
2023-06-07 - Kilauea, Aviation Color Code: RED (view)
2023-06-07 - Kilauea, Aviation Color Code: ORANGE (view)
2023-06-06 - Iliamna, Aviation Color Code: GREEN (view)
2023-06-06 - Iliamna, Aviation Color Code: YELLOW (view)
2023-05-22 - Ahyi Seamount, Aviation Color Code: YELLOW (view)
2023-05-17 - Semisopochnoi, Aviation Color Code: YELLOW (view)
2023-04-25 - Ahyi Seamount, Aviation Color Code: UNASSIGNED (view)
2023-03-21 - Kilauea, Aviation Color Code: YELLOW (view)
2023-03-19 - Semisopochnoi, Aviation Color Code: ORANGE (view)
2023-03-16 - Mauna Loa, Aviation Color Code: GREEN (view)
2023-03-16 - Tanaga, Aviation Color Code: YELLOW (view)
2023-03-16 - Takawangha, Aviation Color Code: YELLOW (view)
2023-03-10 - Takawangha, Aviation Color Code: ORANGE (view)
2023-03-10 - Tanaga, Aviation Color Code: ORANGE (view)
2023-03-08 - Tanaga, Aviation Color Code: YELLOW (view)
2023-02-23 - Aniakchak, Aviation Color Code: YELLOW (view)
2023-02-22 - Trident, Aviation Color Code: YELLOW (view)
2023-02-22 - Semisopochnoi, Aviation Color Code: YELLOW (view)
2023-01-19 - Pavlof, Aviation Color Code: GREEN (view)
2023-01-06 - Kilauea, Aviation Color Code: ORANGE (view)
2023-01-06 - Kilauea, Aviation Color Code: RED (view)
2023-01-06 - Kilauea, Aviation Color Code: ORANGE (view)
2023-01-05 - Cleveland, Aviation Color Code: UNASSIGNED (view)
2022-12-28 - Semisopochnoi, Aviation Color Code: ORANGE (view)
2022-12-17 - Pavlof, Aviation Color Code: YELLOW (view)
2022-12-13 - Mauna Loa, Aviation Color Code: YELLOW (view)
2022-12-13 - Kilauea, Aviation Color Code: YELLOW (view)
2022-12-04 - Mauna Loa, Aviation Color Code: ORANGE (view)
2022-11-28 - Ahyi Seamount, Aviation Color Code: YELLOW (view)
2022-11-28 - Mauna Loa, Aviation Color Code: RED (view)
2022-11-28 - Mauna Loa, Aviation Color Code: RED (view)
2022-11-23 - Semisopochnoi, Aviation Color Code: YELLOW (view)
2022-11-19 - Takawangha, Aviation Color Code: YELLOW (view)
2022-11-07 - Semisopochnoi, Aviation Color Code: ORANGE (view)
2022-10-19 - Trident, Aviation Color Code: GREEN (view)
2022-09-29 - Semisopochnoi, Aviation Color Code: YELLOW (view)
2022-09-29 - Trident, Aviation Color Code: YELLOW (view)
2022-09-20 - Shishaldin, Aviation Color Code: GREEN (view)
2022-08-27 - Ofu-Olosega, Aviation Color Code: GREEN (view)
2022-08-21 - Semisopochnoi, Aviation Color Code: ORANGE (view)
2022-08-20 - Ofu-Olosega, Aviation Color Code: YELLOW (view)
2022-08-20 - Ta'u Island, Aviation Color Code: YELLOW (view)
2022-07-08 - Semisopochnoi, Aviation Color Code: YELLOW (view)
2022-05-11 - Cleveland, Aviation Color Code: YELLOW (view)
2022-04-22 - Davidof, Aviation Color Code: UNASSIGNED (view)
2022-04-22 - Davidof, Aviation Color Code: YELLOW (view)
2022-01-26 - Davidof, Aviation Color Code: YELLOW (view)
2021-12-29 - Davidof, Aviation Color Code: UNASSIGNED (view)
2021-12-10 - Davidof, Aviation Color Code: YELLOW (view)
2021-10-20 - Shishaldin, Aviation Color Code: UNASSIGNED (view)
2021-10-20 - Cleveland, Aviation Color Code: UNASSIGNED (view)
2021-10-05 - Kilauea, Aviation Color Code: ORANGE (view)
2021-09-30 - Kilauea, Aviation Color Code: RED (view)
2021-09-30 - Kilauea, Aviation Color Code: ORANGE (view)
2021-09-24 - Pagan, Aviation Color Code: UNASSIGNED (view)
2021-09-21 - Semisopochnoi, Aviation Color Code: ORANGE (view)
2021-09-20 - Semisopochnoi, Aviation Color Code: RED (view)
2021-09-20 - Semisopochnoi, Aviation Color Code: RED (view)
2021-09-10 - Pagan, Aviation Color Code: YELLOW (view)
2021-09-01 - Pagan, Aviation Color Code: ORANGE (view)
2021-08-27 - Atka volcanic complex, Aviation Color Code: GREEN (view)
2021-08-26 - Kilauea, Aviation Color Code: YELLOW (view)
2021-08-24 - Kilauea, Aviation Color Code: ORANGE (view)
2021-08-11 - Atka volcanic complex, Aviation Color Code: YELLOW (view)
2021-08-05 - Pavlof, Aviation Color Code: ORANGE (view)
2021-07-31 - Semisopochnoi, Aviation Color Code: ORANGE (view)
2021-07-29 - Pagan, Aviation Color Code: YELLOW (view)
2021-07-28 - Gareloi, Aviation Color Code: GREEN (view)
2021-07-23 - Great Sitkin, Aviation Color Code: ORANGE (view)
2021-07-22 - Semisopochnoi, Aviation Color Code: YELLOW (view)
2021-07-13 - Semisopochnoi, Aviation Color Code: ORANGE (view)
2021-07-09 - Pavlof, Aviation Color Code: YELLOW (view)
2021-07-08 - Veniaminof, Aviation Color Code: GREEN (view)
2021-06-16 - Semisopochnoi, Aviation Color Code: YELLOW (view)
2021-06-08 - Gareloi, Aviation Color Code: YELLOW (view)
2021-05-27 - Great Sitkin, Aviation Color Code: YELLOW (view)
2021-05-27 - Gareloi, Aviation Color Code: GREEN (view)
2021-05-27 - Kilauea, Aviation Color Code: YELLOW (view)
2021-05-26 - Great Sitkin, Aviation Color Code: ORANGE (view)
2021-05-26 - Great Sitkin, Aviation Color Code: RED (view)
2021-05-26 - Great Sitkin, Aviation Color Code: RED (view)
2021-05-26 - Great Sitkin, Aviation Color Code: ORANGE (view)
2021-05-19 - Semisopochnoi, Aviation Color Code: ORANGE (view)
2021-05-13 - Ukinrek Maars, Aviation Color Code: GREEN (view)
2021-05-13 - Ugashik-Peulik, Aviation Color Code: GREEN (view)
2021-05-13 - Great Sitkin, Aviation Color Code: YELLOW (view)
2021-05-12 - Veniaminof, Aviation Color Code: UNASSIGNED (view)
2021-05-07 - Semisopochnoi, Aviation Color Code: YELLOW (view)
2021-04-22 - Semisopochnoi, Aviation Color Code: ORANGE (view)
2021-04-21 - Veniaminof, Aviation Color Code: YELLOW (view)
2021-04-20 - Ukinrek Maars, Aviation Color Code: UNASSIGNED (view)
2021-04-20 - Tanaga, Aviation Color Code: GREEN (view)
2021-04-20 - Ugashik-Peulik, Aviation Color Code: UNASSIGNED (view)
2021-04-17 - Semisopochnoi, Aviation Color Code: ORANGE (view)
2021-04-16 - Semisopochnoi, Aviation Color Code: RED (view)
2021-04-16 - Semisopochnoi, Aviation Color Code: ORANGE (view)
2021-04-05 - Veniaminof, Aviation Color Code: ORANGE (view)
2021-04-02 - Shishaldin, Aviation Color Code: GREEN (view)
2021-04-02 - Veniaminof, Aviation Color Code: YELLOW (view)
2021-03-31 - Tanaga, Aviation Color Code: UNASSIGNED (view)
2021-03-31 - Gareloi, Aviation Color Code: UNASSIGNED (view)
2021-03-20 - Cleveland, Aviation Color Code: YELLOW (view)
2021-03-19 - Semisopochnoi, Aviation Color Code: ORANGE (view)
2021-03-04 - Veniaminof, Aviation Color Code: ORANGE (view)
2021-02-19 - Semisopochnoi, Aviation Color Code: YELLOW (view)
2021-02-08 - Semisopochnoi, Aviation Color Code: ORANGE (view)
2021-02-07 - Semisopochnoi, Aviation Color Code: YELLOW (view)
2021-01-15 - Shishaldin, Aviation Color Code: UNASSIGNED (view)
2021-01-15 - Veniaminof, Aviation Color Code: UNASSIGNED (view)
2020-12-21 - Kilauea, Aviation Color Code: ORANGE (view)
2020-12-21 - Kilauea, Aviation Color Code: RED (view)
2020-12-03 - Korovin, Aviation Color Code: GREEN (view)
2020-11-20 - Semisopochnoi, Aviation Color Code: UNASSIGNED (view)
2020-10-28 - Korovin, Aviation Color Code: YELLOW (view)
2020-10-21 - Great Sitkin, Aviation Color Code: GREEN (view)
2020-10-15 - Westdahl, Aviation Color Code: GREEN (view)
2020-10-14 - Pavlof, Aviation Color Code: GREEN (view)
2020-09-21 - Pavlof, Aviation Color Code: YELLOW (view)
2020-09-08 - Makushin, Aviation Color Code: GREEN (view)
2020-09-03 - Cleveland, Aviation Color Code: UNASSIGNED (view)
2020-08-20 - Veniaminof, Aviation Color Code: GREEN (view)
2020-06-24 - Shishaldin, Aviation Color Code: GREEN (view)
2020-06-18 - Veniaminof, Aviation Color Code: YELLOW (view)
2020-06-17 - Cleveland, Aviation Color Code: YELLOW (view)
2020-06-16 - Makushin, Aviation Color Code: YELLOW (view)
2020-06-02 - Cleveland, Aviation Color Code: ORANGE (view)
2020-05-07 - Cleveland, Aviation Color Code: UNASSIGNED (view)
2020-04-16 - Shishaldin, Aviation Color Code: YELLOW (view)
2020-04-01 - Semisopochnoi, Aviation Color Code: YELLOW (view)
2020-03-16 - Semisopochnoi, Aviation Color Code: ORANGE (view)
2020-03-15 - Shishaldin, Aviation Color Code: ORANGE (view)
2020-03-03 - Pavlof, Aviation Color Code: GREEN (view)
2020-02-26 - Westdahl, Aviation Color Code: UNASSIGNED (view)
2020-02-26 - Semisopochnoi, Aviation Color Code: YELLOW (view)
2020-02-26 - Great Sitkin, Aviation Color Code: YELLOW (view)
2020-02-15 - Semisopochnoi, Aviation Color Code: ORANGE (view)
2020-02-07 - Shishaldin, Aviation Color Code: YELLOW (view)
2020-01-20 - Shishaldin, Aviation Color Code: ORANGE (view)
2020-01-19 - Shishaldin, Aviation Color Code: RED (view)
2020-01-09 - Semisopochnoi, Aviation Color Code: YELLOW (view)
2020-01-08 - Shishaldin, Aviation Color Code: ORANGE (view)
2020-01-07 - Shishaldin, Aviation Color Code: RED (view)
2020-01-07 - Shishaldin, Aviation Color Code: ORANGE (view)
2020-01-03 - Shishaldin, Aviation Color Code: ORANGE (view)
2019-12-28 - Pavlof, Aviation Color Code: YELLOW (view)
2019-12-12 - Shishaldin, Aviation Color Code: ORANGE (view)
2019-12-07 - Semisopochnoi, Aviation Color Code: ORANGE (view)
2019-11-15 - Cleveland, Aviation Color Code: YELLOW (view)
2019-11-08 - Cleveland, Aviation Color Code: ORANGE (view)
2019-11-06 - Pavlof, Aviation Color Code: GREEN (view)
2019-10-19 - Pavlof, Aviation Color Code: YELLOW (view)
2019-10-17 - Shishaldin, Aviation Color Code: ORANGE (view)
2019-09-26 - Shishaldin, Aviation Color Code: YELLOW (view)
2019-09-18 - Semisopochnoi, Aviation Color Code: YELLOW (view)
2019-09-06 - Wrangell, Aviation Color Code: GREEN (view)
2019-09-06 - Dutton, Aviation Color Code: GREEN (view)
2019-08-25 - Veniaminof, Aviation Color Code: GREEN (view)
2019-08-01 - Veniaminof, Aviation Color Code: YELLOW (view)
2019-07-24 - Shishaldin, Aviation Color Code: ORANGE (view)
2019-07-18 - Semisopochnoi, Aviation Color Code: ORANGE (view)
2019-07-15 - Great Sitkin, Aviation Color Code: GREEN (view)
2019-07-12 - Shishaldin, Aviation Color Code: YELLOW (view)
2019-07-05 - Semisopochnoi, Aviation Color Code: YELLOW (view)
2019-07-02 - Mauna Loa, Aviation Color Code: YELLOW (view)
2019-06-12 - Pavlof, Aviation Color Code: GREEN (view)
2019-06-02 - Great Sitkin, Aviation Color Code: YELLOW (view)
2019-05-15 - Pavlof, Aviation Color Code: YELLOW (view)
2019-04-30 - Veniaminof, Aviation Color Code: GREEN (view)
2019-03-27 - Kilauea, Aviation Color Code: GREEN (view)
2019-02-25 - Great Sitkin, Aviation Color Code: GREEN (view)
2019-02-25 - Cleveland, Aviation Color Code: YELLOW (view)
2019-02-02 - Dutton, Aviation Color Code: UNASSIGNED (view)
2019-01-17 - Cleveland, Aviation Color Code: ORANGE (view)
2019-01-07 - Cleveland, Aviation Color Code: YELLOW (view)
2019-01-04 - Veniaminof, Aviation Color Code: YELLOW (view)
2018-12-29 - Cleveland, Aviation Color Code: ORANGE (view)
2018-12-19 - Semisopochnoi, Aviation Color Code: UNASSIGNED (view)
2018-12-12 - Cleveland, Aviation Color Code: ORANGE (view)
2018-11-22 - Veniaminof, Aviation Color Code: ORANGE (view)
2018-11-21 - Semisopochnoi, Aviation Color Code: YELLOW (view)
2018-11-21 - Veniaminof, Aviation Color Code: RED (view)
2018-10-26 - Semisopochnoi, Aviation Color Code: ORANGE (view)
2018-10-12 - Semisopochnoi, Aviation Color Code: YELLOW (view)
2018-10-05 - Kilauea, Aviation Color Code: YELLOW (view)
2018-09-17 - Semisopochnoi, Aviation Color Code: ORANGE (view)
2018-09-16 - Semisopochnoi, Aviation Color Code: YELLOW (view)
2018-09-04 - Veniaminof, Aviation Color Code: ORANGE (view)
2018-09-03 - Veniaminof, Aviation Color Code: YELLOW (view)
2018-08-22 - Cleveland, Aviation Color Code: YELLOW (view)
2018-07-01 - Great Sitkin, Aviation Color Code: YELLOW (view)
2018-06-27 - Great Sitkin, Aviation Color Code: GREEN (view)
2018-06-26 - Cleveland, Aviation Color Code: ORANGE (view)
2018-06-25 - Kilauea, Aviation Color Code: ORANGE (view)
2018-06-21 - Mauna Loa, Aviation Color Code: GREEN (view)
2018-06-10 - Great Sitkin, Aviation Color Code: YELLOW (view)
2018-05-17 - Kilauea, Aviation Color Code: RED (view)
2018-05-15 - Kilauea, Aviation Color Code: RED (view)
2018-05-06 - Cleveland, Aviation Color Code: YELLOW (view)
2018-05-05 - Cleveland, Aviation Color Code: ORANGE (view)
2018-05-05 - Cleveland, Aviation Color Code: ORANGE (view)
2018-04-06 - Cleveland, Aviation Color Code: YELLOW (view)
2018-04-04 - Cleveland, Aviation Color Code: ORANGE (view)
2018-04-04 - Cleveland, Aviation Color Code: YELLOW (view)
2018-03-06 - Cleveland, Aviation Color Code: YELLOW (view)
2018-03-06 - Cleveland, Aviation Color Code: GREEN (view)
2018-03-05 - Cleveland, Aviation Color Code: YELLOW (view)
2018-03-02 - Cleveland, Aviation Color Code: ORANGE (view)
2018-02-09 - Cleveland, Aviation Color Code: YELLOW (view)
2018-02-07 - Shishaldin, Aviation Color Code: GREEN (view)
2018-01-18 - Great Sitkin, Aviation Color Code: GREEN (view)
2017-12-16 - Anatahan, Aviation Color Code: UNASSIGNED (view)
2017-12-13 - Cleveland, Aviation Color Code: ORANGE (view)
2017-12-12 - Cleveland, Aviation Color Code: YELLOW (view)
2017-12-06 - Bogoslof, Aviation Color Code: UNASSIGNED (view)
2017-12-06 - Shishaldin, Aviation Color Code: YELLOW (view)
2017-11-22 - Great Sitkin, Aviation Color Code: YELLOW (view)
2017-09-26 - Cleveland, Aviation Color Code: ORANGE (view)
2017-08-30 - Pavlof, Aviation Color Code: GREEN (view)
2017-08-30 - Bogoslof, Aviation Color Code: ORANGE (view)
2017-08-28 - Bogoslof, Aviation Color Code: ORANGE (view)
2017-08-28 - Bogoslof, Aviation Color Code: ORANGE (view)
2017-08-27 - Bogoslof, Aviation Color Code: ORANGE (view)
2017-08-27 - Bogoslof, Aviation Color Code: ORANGE (view)
2017-08-22 - Cleveland, Aviation Color Code: ORANGE (view)
2017-08-08 - Bogoslof, Aviation Color Code: ORANGE (view)
2017-08-07 - Bogoslof, Aviation Color Code: RED (view)
2017-08-07 - Bogoslof, Aviation Color Code: ORANGE (view)
2017-07-11 - Bogoslof, Aviation Color Code: ORANGE (view)
2017-07-10 - Bogoslof, Aviation Color Code: ORANGE (view)
2017-07-10 - Bogoslof, Aviation Color Code: ORANGE (view)
2017-07-10 - Bogoslof, Aviation Color Code: RED (view)
2017-07-09 - Bogoslof, Aviation Color Code: ORANGE (view)
2017-07-08 - Bogoslof, Aviation Color Code: RED (view)
2017-07-05 - Bogoslof, Aviation Color Code: ORANGE (view)
2017-07-05 - Bogoslof, Aviation Color Code: RED (view)
2017-07-05 - Bogoslof, Aviation Color Code: RED (view)
2017-07-04 - Cleveland, Aviation Color Code: ORANGE (view)
2017-07-03 - Bogoslof, Aviation Color Code: ORANGE (view)
2017-07-02 - Bogoslof, Aviation Color Code: RED (view)
2017-07-02 - Bogoslof, Aviation Color Code: ORANGE (view)
2017-06-30 - Bogoslof, Aviation Color Code: ORANGE (view)
2017-06-27 - Bogoslof, Aviation Color Code: ORANGE (view)
2017-06-27 - Bogoslof, Aviation Color Code: RED (view)
2017-06-27 - Bogoslof, Aviation Color Code: ORANGE (view)
2017-06-27 - Bogoslof, Aviation Color Code: ORANGE (view)
2017-06-26 - Cleveland, Aviation Color Code: YELLOW (view)
2017-06-24 - Bogoslof, Aviation Color Code: ORANGE (view)
2017-06-24 - Bogoslof, Aviation Color Code: RED (view)
2017-06-24 - Bogoslof, Aviation Color Code: ORANGE (view)
2017-06-13 - Bogoslof, Aviation Color Code: ORANGE (view)
2017-06-13 - Bogoslof, Aviation Color Code: RED (view)
2017-06-13 - Bogoslof, Aviation Color Code: RED (view)
2017-06-13 - Bogoslof, Aviation Color Code: ORANGE (view)
2017-06-10 - Bogoslof, Aviation Color Code: ORANGE (view)
2017-06-10 - Bogoslof, Aviation Color Code: RED (view)
2017-06-08 - Bogoslof, Aviation Color Code: ORANGE (view)
2017-06-08 - Bogoslof, Aviation Color Code: ORANGE (view)
2017-06-07 - Pavlof, Aviation Color Code: YELLOW (view)
2017-06-07 - Bogoslof, Aviation Color Code: ORANGE (view)
2017-06-06 - Bogoslof, Aviation Color Code: ORANGE (view)
2017-06-05 - Bogoslof, Aviation Color Code: ORANGE (view)
2017-06-05 - Bogoslof, Aviation Color Code: ORANGE (view)
2017-06-01 - Bogoslof, Aviation Color Code: ORANGE (view)
2017-05-29 - Bogoslof, Aviation Color Code: ORANGE (view)
2017-05-28 - Bogoslof, Aviation Color Code: RED (view)
2017-05-17 - Bogoslof, Aviation Color Code: ORANGE (view)
2017-05-17 - Bogoslof, Aviation Color Code: RED (view)
2017-05-17 - Bogoslof, Aviation Color Code: ORANGE (view)
2017-04-24 - Cleveland, Aviation Color Code: ORANGE (view)
2017-04-19 - Bogoslof, Aviation Color Code: YELLOW (view)
2017-04-16 - Bogoslof, Aviation Color Code: ORANGE (view)
2017-04-05 - Bogoslof, Aviation Color Code: YELLOW (view)
2017-04-05 - Cleveland, Aviation Color Code: YELLOW (view)
2017-03-24 - Cleveland, Aviation Color Code: ORANGE (view)
2017-03-13 - Bogoslof, Aviation Color Code: ORANGE (view)
2017-03-09 - Bogoslof, Aviation Color Code: ORANGE (view)
2017-03-08 - Cleveland, Aviation Color Code: YELLOW (view)
2017-03-08 - Bogoslof, Aviation Color Code: RED (view)
2017-03-08 - Bogoslof, Aviation Color Code: RED (view)
2017-03-08 - Bogoslof, Aviation Color Code: ORANGE (view)
2017-02-21 - Bogoslof, Aviation Color Code: ORANGE (view)
2017-02-20 - Bogoslof, Aviation Color Code: RED (view)
2017-02-20 - Bogoslof, Aviation Color Code: ORANGE (view)
2017-02-20 - Bogoslof, Aviation Color Code: ORANGE (view)
2017-02-19 - Bogoslof, Aviation Color Code: ORANGE (view)
2017-02-18 - Bogoslof, Aviation Color Code: RED (view)
2017-02-18 - Bogoslof, Aviation Color Code: RED (view)
2017-02-17 - Bogoslof, Aviation Color Code: RED (view)
2017-02-17 - Bogoslof, Aviation Color Code: ORANGE (view)
2017-02-13 - Bogoslof, Aviation Color Code: ORANGE (view)
2017-02-13 - Bogoslof, Aviation Color Code: RED (view)
2017-02-13 - Bogoslof, Aviation Color Code: ORANGE (view)
2017-02-08 - Takawangha, Aviation Color Code: GREEN (view)
2017-02-04 - Bogoslof, Aviation Color Code: ORANGE (view)
2017-02-03 - Cleveland, Aviation Color Code: ORANGE (view)
2017-02-02 - Pavlof, Aviation Color Code: GREEN (view)
2017-02-01 - Bogoslof, Aviation Color Code: ORANGE (view)
2017-01-31 - Bogoslof, Aviation Color Code: RED (view)
2017-01-31 - Bogoslof, Aviation Color Code: ORANGE (view)
2017-01-28 - Bogoslof, Aviation Color Code: ORANGE (view)
2017-01-27 - Bogoslof, Aviation Color Code: RED (view)
2017-01-27 - Bogoslof, Aviation Color Code: ORANGE (view)
2017-01-27 - Bogoslof, Aviation Color Code: ORANGE (view)
2017-01-26 - Bogoslof, Aviation Color Code: RED (view)
2017-01-26 - Bogoslof, Aviation Color Code: ORANGE (view)
2017-01-25 - Bogoslof, Aviation Color Code: ORANGE (view)
2017-01-24 - Takawangha, Aviation Color Code: YELLOW (view)
2017-01-24 - Bogoslof, Aviation Color Code: RED (view)
2017-01-23 - Bogoslof, Aviation Color Code: ORANGE (view)
2017-01-22 - Bogoslof, Aviation Color Code: RED (view)
2017-01-22 - Bogoslof, Aviation Color Code: ORANGE (view)
2017-01-21 - Bogoslof, Aviation Color Code: ORANGE (view)
2017-01-20 - Bogoslof, Aviation Color Code: RED (view)
2017-01-20 - Bogoslof, Aviation Color Code: ORANGE (view)
2017-01-19 - Bogoslof, Aviation Color Code: ORANGE (view)
2017-01-18 - Bogoslof, Aviation Color Code: RED (view)
2017-01-18 - Bogoslof, Aviation Color Code: ORANGE (view)
2017-01-17 - Bogoslof, Aviation Color Code: ORANGE (view)
2017-01-15 - Bogoslof, Aviation Color Code: ORANGE (view)
2017-01-12 - Bogoslof, Aviation Color Code: ORANGE (view)
2017-01-12 - Bogoslof, Aviation Color Code: ORANGE (view)
2017-01-10 - Bogoslof, Aviation Color Code: ORANGE (view)
2017-01-09 - Bogoslof, Aviation Color Code: RED (view)
2017-01-09 - Bogoslof, Aviation Color Code: ORANGE (view)
2017-01-06 - Bogoslof, Aviation Color Code: ORANGE (view)
2017-01-05 - Bogoslof, Aviation Color Code: RED (view)
2017-01-05 - Bogoslof, Aviation Color Code: ORANGE (view)
2017-01-04 - Bogoslof, Aviation Color Code: RED (view)
2017-01-02 - Bogoslof, Aviation Color Code: ORANGE (view)
2017-01-01 - Bogoslof, Aviation Color Code: ORANGE (view)
2016-12-30 - Bogoslof, Aviation Color Code: RED (view)
2016-12-30 - Bogoslof, Aviation Color Code: ORANGE (view)
2016-12-29 - Bogoslof, Aviation Color Code: ORANGE (view)
2016-12-27 - Bogoslof, Aviation Color Code: ORANGE (view)
2016-12-27 - Bogoslof, Aviation Color Code: RED (view)
2016-12-25 - Bogoslof, Aviation Color Code: ORANGE (view)
2016-12-23 - Bogoslof, Aviation Color Code: RED (view)
2016-12-22 - Bogoslof, Aviation Color Code: ORANGE (view)
2016-12-22 - Bogoslof, Aviation Color Code: RED (view)
2016-12-21 - Bogoslof, Aviation Color Code: ORANGE (view)
2016-12-21 - Bogoslof, Aviation Color Code: RED (view)
2016-11-04 - Cleveland, Aviation Color Code: YELLOW (view)
2016-10-24 - Cleveland, Aviation Color Code: ORANGE (view)
2016-08-04 - Pavlof, Aviation Color Code: YELLOW (view)
2016-07-28 - Pavlof, Aviation Color Code: ORANGE (view)
2016-07-01 - Pavlof, Aviation Color Code: YELLOW (view)
2016-06-17 - Pavlof, Aviation Color Code: GREEN (view)
2016-06-03 - Cleveland, Aviation Color Code: YELLOW (view)
2016-05-20 - Pavlof, Aviation Color Code: YELLOW (view)
2016-05-13 - Pavlof, Aviation Color Code: ORANGE (view)
2016-05-06 - Cleveland, Aviation Color Code: ORANGE (view)
2016-04-29 - Cleveland, Aviation Color Code: YELLOW (view)
2016-04-22 - Pavlof, Aviation Color Code: GREEN (view)
2016-04-16 - Cleveland, Aviation Color Code: ORANGE (view)
2016-04-06 - Pavlof, Aviation Color Code: YELLOW (view)
2016-03-29 - Pavlof, Aviation Color Code: ORANGE (view)
2016-03-28 - Pavlof, Aviation Color Code: RED (view)
2016-03-28 - Pavlof, Aviation Color Code: RED (view)
2016-03-10 - Shishaldin, Aviation Color Code: GREEN (view)
2016-01-30 - Pagan, Aviation Color Code: UNASSIGNED (view)
2015-12-11 - Veniaminof, Aviation Color Code: GREEN (view)
2015-11-20 - Shishaldin, Aviation Color Code: YELLOW (view)
2015-10-14 - Cleveland, Aviation Color Code: YELLOW (view)
2015-10-01 - Veniaminof, Aviation Color Code: YELLOW (view)
2015-07-21 - Cleveland, Aviation Color Code: ORANGE (view)
2015-06-17 - Cleveland, Aviation Color Code: YELLOW (view)
2015-05-28 - Semisopochnoi, Aviation Color Code: UNASSIGNED (view)
2015-03-25 - Semisopochnoi, Aviation Color Code: YELLOW (view)
2015-01-15 - Pavlof, Aviation Color Code: GREEN (view)
2014-11-26 - Pavlof, Aviation Color Code: YELLOW (view)
2014-11-24 - Shishaldin, Aviation Color Code: ORANGE (view)
2014-11-16 - Pavlof, Aviation Color Code: ORANGE (view)
2014-11-15 - Pavlof, Aviation Color Code: RED (view)
2014-11-13 - Pavlof, Aviation Color Code: ORANGE (view)
2014-10-28 - Shishaldin, Aviation Color Code: ORANGE (view)
2014-09-04 - Semisopochnoi, Aviation Color Code: UNASSIGNED (view)
2014-07-30 - Pavlof, Aviation Color Code: GREEN (view)
2014-07-09 - Veniaminof, Aviation Color Code: GREEN (view)
2014-06-25 - Pavlof, Aviation Color Code: YELLOW (view)
2014-06-13 - Semisopochnoi, Aviation Color Code: YELLOW (view)
2014-06-04 - Pavlof, Aviation Color Code: ORANGE (view)
2014-06-03 - Pavlof, Aviation Color Code: RED (view)
2014-06-03 - Pavlof, Aviation Color Code: ORANGE (view)
2014-05-31 - Pavlof, Aviation Color Code: ORANGE (view)
2014-05-29 - Ahyi Seamount, Aviation Color Code: UNASSIGNED (view)
2014-04-26 - Ahyi Seamount, Aviation Color Code: YELLOW (view)
2014-03-28 - Shishaldin, Aviation Color Code: ORANGE (view)
2014-01-30 - Shishaldin, Aviation Color Code: YELLOW (view)
2014-01-10 - Cleveland, Aviation Color Code: YELLOW (view)
2014-01-02 - Cleveland, Aviation Color Code: ORANGE (view)
2013-12-31 - Cleveland, Aviation Color Code: YELLOW (view)
2013-10-17 - Veniaminof, Aviation Color Code: YELLOW (view)
2013-10-06 - Veniaminof, Aviation Color Code: ORANGE (view)
2013-09-20 - Veniaminof, Aviation Color Code: YELLOW (view)
2013-08-30 - Veniaminof, Aviation Color Code: ORANGE (view)
2013-08-08 - Pavlof, Aviation Color Code: GREEN (view)
2013-07-03 - Pavlof, Aviation Color Code: YELLOW (view)
2013-06-13 - Veniaminof, Aviation Color Code: ORANGE (view)
2013-06-08 - Veniaminof, Aviation Color Code: YELLOW (view)
2013-06-04 - Cleveland, Aviation Color Code: YELLOW (view)
2013-06-04 - Pavlof, Aviation Color Code: ORANGE (view)
2013-05-28 - Pavlof, Aviation Color Code: YELLOW (view)
2013-05-13 - Pavlof, Aviation Color Code: ORANGE (view)
2013-05-09 - Pagan, Aviation Color Code: YELLOW (view)
2013-05-04 - Cleveland, Aviation Color Code: ORANGE (view)
2013-03-29 - Little Sitkin, Aviation Color Code: UNASSIGNED (view)
2013-03-29 - Ukinrek Maars, Aviation Color Code: UNASSIGNED (view)
2013-03-29 - Ugashik-Peulik, Aviation Color Code: UNASSIGNED (view)
2013-03-08 - Cleveland, Aviation Color Code: YELLOW (view)
2013-02-06 - Cleveland, Aviation Color Code: ORANGE (view)
2013-01-09 - Little Sitkin, Aviation Color Code: GREEN (view)
2013-01-09 - Iliamna, Aviation Color Code: GREEN (view)
2012-11-21 - Cleveland, Aviation Color Code: YELLOW (view)
2012-11-11 - Cleveland, Aviation Color Code: ORANGE (view)
2012-09-05 - Cleveland, Aviation Color Code: YELLOW (view)
2012-08-30 - Little Sitkin, Aviation Color Code: YELLOW (view)
2012-06-19 - Cleveland, Aviation Color Code: ORANGE (view)
2012-05-30 - Cleveland, Aviation Color Code: YELLOW (view)
2012-03-28 - Cleveland, Aviation Color Code: ORANGE (view)
2012-03-23 - Cleveland, Aviation Color Code: YELLOW (view)
2012-03-09 - Iliamna, Aviation Color Code: YELLOW (view)
2012-03-02 - Kanaga, Aviation Color Code: GREEN (view)
2012-02-18 - Kanaga, Aviation Color Code: YELLOW (view)
2012-02-01 - Cleveland, Aviation Color Code: ORANGE (view)
2012-01-27 - Wrangell, Aviation Color Code: UNASSIGNED (view)
2011-12-30 - Cleveland, Aviation Color Code: YELLOW (view)
2011-12-29 - Cleveland, Aviation Color Code: ORANGE (view)
2011-11-03 - Cleveland, Aviation Color Code: YELLOW (view)
2011-10-06 - Pagan, Aviation Color Code: YELLOW (view)
2011-09-07 - Cleveland, Aviation Color Code: ORANGE (view)
2011-08-30 - Cleveland, Aviation Color Code: YELLOW (view)
2011-08-02 - Cleveland, Aviation Color Code: ORANGE (view)
2011-07-20 - Cleveland, Aviation Color Code: YELLOW (view)
2011-04-23 - Pagan, Aviation Color Code: YELLOW (view)
2011-03-31 - Cleveland, Aviation Color Code: UNASSIGNED (view)
2011-02-22 - Pagan, Aviation Color Code: UNASSIGNED (view)
2010-09-12 - Cleveland, Aviation Color Code: YELLOW (view)
2010-09-10 - Cleveland, Aviation Color Code: UNASSIGNED (view)
2010-09-10 - Pagan, Aviation Color Code: YELLOW (view)
2010-08-26 - Cleveland, Aviation Color Code: YELLOW (view)
2010-06-11 - Cleveland, Aviation Color Code: UNASSIGNED (view)
2010-06-09 - Sarigan, Aviation Color Code: UNASSIGNED (view)
2010-06-01 - Sarigan, Aviation Color Code: YELLOW (view)
2010-05-30 - Sarigan, Aviation Color Code: ORANGE (view)
2010-05-26 - Cleveland, Aviation Color Code: YELLOW (view)
2010-05-05 - Pagan, Aviation Color Code: YELLOW (view)
2010-04-12 - Redoubt, Aviation Color Code: GREEN (view)
2010-04-05 - Redoubt, Aviation Color Code: YELLOW (view)
2010-01-06 - Redoubt, Aviation Color Code: GREEN (view)
2009-12-28 - Redoubt, Aviation Color Code: YELLOW (view)
2009-10-19 - Cleveland, Aviation Color Code: UNASSIGNED (view)
2009-10-19 - Shishaldin, Aviation Color Code: GREEN (view)
2009-10-05 - Cleveland, Aviation Color Code: YELLOW (view)
2009-10-03 - Cleveland, Aviation Color Code: ORANGE (view)
2009-09-29 - Redoubt, Aviation Color Code: GREEN (view)
2009-07-15 - Cleveland, Aviation Color Code: UNASSIGNED (view)
2009-07-10 - Shishaldin, Aviation Color Code: YELLOW (view)
2009-06-30 - Redoubt, Aviation Color Code: YELLOW (view)
2009-06-28 - Cleveland, Aviation Color Code: YELLOW (view)
2009-06-25 - Cleveland, Aviation Color Code: ORANGE (view)
2009-05-26 - Veniaminof, Aviation Color Code: GREEN (view)
2009-05-08 - Veniaminof, Aviation Color Code: YELLOW (view)
2009-05-05 - Redoubt, Aviation Color Code: ORANGE (view)
2009-05-01 - Cleveland, Aviation Color Code: UNASSIGNED (view)
2009-04-28 - Pagan, Aviation Color Code: UNASSIGNED (view)
2009-04-15 - Pagan, Aviation Color Code: YELLOW (view)
2009-04-06 - Redoubt, Aviation Color Code: ORANGE (view)
2009-04-04 - Redoubt, Aviation Color Code: RED (view)
2009-04-04 - Redoubt, Aviation Color Code: RED (view)
2009-04-03 - Redoubt, Aviation Color Code: ORANGE (view)
2009-03-30 - Redoubt, Aviation Color Code: RED (view)
2009-03-30 - Redoubt, Aviation Color Code: RED (view)
2009-03-30 - Redoubt, Aviation Color Code: RED (view)
2009-03-29 - Redoubt, Aviation Color Code: RED (view)
2009-03-29 - Redoubt, Aviation Color Code: RED (view)
2009-03-28 - Redoubt, Aviation Color Code: RED (view)
2009-03-28 - Redoubt, Aviation Color Code: RED (view)
2009-03-28 - Redoubt, Aviation Color Code: RED (view)
2009-03-28 - Redoubt, Aviation Color Code: RED (view)
2009-03-28 - Redoubt, Aviation Color Code: RED (view)
2009-03-28 - Redoubt, Aviation Color Code: RED (view)
2009-03-27 - Redoubt, Aviation Color Code: RED (view)
2009-03-27 - Redoubt, Aviation Color Code: RED (view)
2009-03-26 - Redoubt, Aviation Color Code: RED (view)
2009-03-26 - Redoubt, Aviation Color Code: RED (view)
2009-03-25 - Redoubt, Aviation Color Code: ORANGE (view)
2009-03-25 - Redoubt, Aviation Color Code: RED (view)
2009-03-24 - Redoubt, Aviation Color Code: RED (view)
2009-03-23 - Redoubt, Aviation Color Code: RED (view)
2009-03-23 - Redoubt, Aviation Color Code: RED (view)
2009-03-22 - Redoubt, Aviation Color Code: ORANGE (view)
2009-03-20 - Okmok, Aviation Color Code: GREEN (view)
2009-03-18 - Redoubt, Aviation Color Code: YELLOW (view)
2009-03-15 - Redoubt, Aviation Color Code: ORANGE (view)
2009-03-10 - Redoubt, Aviation Color Code: YELLOW (view)
2009-03-03 - Okmok, Aviation Color Code: YELLOW (view)
2009-02-12 - Shishaldin, Aviation Color Code: GREEN (view)
2009-01-25 - Redoubt, Aviation Color Code: ORANGE (view)
2009-01-07 - Shishaldin, Aviation Color Code: YELLOW (view)
2009-01-02 - Cleveland, Aviation Color Code: YELLOW (view)
2008-12-24 - Cleveland, Aviation Color Code: YELLOW (view)
2008-11-19 - Okmok, Aviation Color Code: GREEN (view)
2008-11-05 - Redoubt, Aviation Color Code: YELLOW (view)
2008-10-31 - Kasatochi, Aviation Color Code: UNASSIGNED (view)
2008-10-09 - Cleveland, Aviation Color Code: UNASSIGNED (view)
2008-09-04 - Kasatochi, Aviation Color Code: YELLOW (view)
2008-08-27 - Okmok, Aviation Color Code: YELLOW (view)
2008-08-25 - Cleveland, Aviation Color Code: YELLOW (view)
2008-08-11 - Cleveland, Aviation Color Code: ORANGE (view)
2008-08-10 - Kasatochi, Aviation Color Code: ORANGE (view)
2008-08-08 - Kasatochi, Aviation Color Code: RED (view)
2008-08-07 - Kasatochi, Aviation Color Code: ORANGE (view)
2008-08-07 - Kasatochi, Aviation Color Code: YELLOW (view)
2008-08-06 - Cleveland, Aviation Color Code: YELLOW (view)
2008-08-03 - Okmok, Aviation Color Code: ORANGE (view)
2008-08-02 - Okmok, Aviation Color Code: RED (view)
2008-07-30 - Okmok, Aviation Color Code: ORANGE (view)
2008-07-29 - Okmok, Aviation Color Code: RED (view)
2008-07-26 - Okmok, Aviation Color Code: ORANGE (view)
2008-07-25 - Okmok, Aviation Color Code: RED (view)